user_id,profile_vector_id,0,1,2,3,4,5,6,7,8,9,10,11
1,VEC_1,28,164,1,1,0,0,0,0,0,0,1,1
2,VEC_2,21,160,1,1,0,1,1,0,1,1,1,1
3,VEC_3,38,168,1,6,0,0,1,1,1,1,1,1
4,VEC_4,42,167,2,2,1,2,1,2,2,2,1,1
5,VEC_5,33,167,4,6,0,1,1,0,3,3,1,1
6,VEC_6,25,182,4,5,1,2,1,1,2,2,1,1
7,VEC_7,45,171,3,5,0,3,2,2,4,4,1,1
8,VEC_8,36,151,1,1,0,3,0,2,5,5,1,1
9,VEC_9,43,169,1,2,0,1,2,0,5,5,1,1
10,VEC_10,22,171,2,6,0,1,2,2,6,6,1,1
11,VEC_11,44,153,3,1,1,2,0,2,1,1,1,1
12,VEC_12,35,185,2,4,0,0,0,1,7,3,1,1
13,VEC_13,43,185,1,5,1,3,1,1,8,2,1,1
14,VEC_14,26,154,2,5,0,3,2,2,5,5,1,1
15,VEC_15,42,169,1,1,1,2,2,2,1,1,1,1
16,VEC_16,40,183,1,1,1,1,0,0,3,3,1,1
17,VEC_17,29,153,2,6,1,1,0,0,5,5,1,1
18,VEC_18,39,185,3,2,0,2,3,1,3,3,1,1
19,VEC_19,44,171,1,4,1,3,3,2,9,0,1,1
20,VEC_20,33,171,3,1,0,1,2,2,4,4,1,1
21,VEC_21,33,186,2,3,1,4,0,2,1,1,1,1
22,VEC_22,43,168,2,5,1,4,2,2,8,2,1,1
23,VEC_23,35,163,5,3,1,2,3,2,1,1,1,1
24,VEC_24,41,186,1,1,0,4,2,1,1,1,1,1
25,VEC_25,42,183,2,6,0,4,2,0,3,3,1,1
26,VEC_26,28,167,4,6,0,2,1,1,4,4,1,1
27,VEC_27,33,187,3,4,0,4,2,0,3,3,1,1
28,VEC_28,35,158,4,2,1,4,0,2,4,4,1,1
29,VEC_29,29,155,1,6,1,2,3,2,8,2,1,1
30,VEC_30,35,166,1,5,0,0,0,0,5,5,1,1
31,VEC_31,39,152,3,1,1,1,0,2,7,3,1,1
32,VEC_32,35,177,4,2,1,1,1,0,5,5,1,1
33,VEC_33,40,167,4,4,1,3,0,2,8,2,1,1
34,VEC_34,36,185,4,3,0,0,3,2,8,2,1,1
35,VEC_35,44,180,3,2,0,0,3,1,6,6,1,1
36,VEC_36,41,181,3,2,1,1,2,0,4,4,1,1
37,VEC_37,39,169,5,2,0,0,2,2,6,6,1,1
38,VEC_38,41,163,1,2,0,3,1,2,7,3,1,1
39,VEC_39,23,164,2,6,1,3,2,2,4,4,1,1
40,VEC_40,35,169,5,1,1,0,2,1,1,1,1,1
41,VEC_41,39,152,5,4,0,0,2,1,3,3,1,1
42,VEC_42,30,175,3,1,1,4,0,0,1,1,1,1
43,VEC_43,27,167,5,2,1,4,2,1,7,3,1,1
44,VEC_44,36,168,4,5,0,4,2,1,4,4,1,1
45,VEC_45,30,169,4,3,1,4,1,2,7,3,1,1
46,VEC_46,43,174,5,5,0,3,2,1,8,2,1,1
47,VEC_47,29,171,4,3,0,2,3,2,10,0,1,1
48,VEC_48,43,169,4,2,0,2,3,0,1,1,1,1
49,VEC_49,28,179,5,2,0,1,0,0,1,1,1,1
50,VEC_50,24,165,1,6,0,0,3,0,1,1,1,1
51,VEC_51,40,166,1,3,1,3,0,2,6,6,1,1
52,VEC_52,37,182,1,4,0,4,3,0,11,6,1,1
53,VEC_53,35,173,1,6,1,1,2,0,5,5,1,1
54,VEC_54,41,176,1,2,1,2,3,1,4,4,1,1
55,VEC_55,40,176,3,1,0,3,2,1,3,3,1,1
56,VEC_56,22,171,5,2,0,3,0,1,4,4,1,1
57,VEC_57,25,150,1,2,0,1,0,0,12,0,1,1
58,VEC_58,44,183,4,6,0,2,0,0,5,5,1,1
59,VEC_59,33,188,1,6,1,0,2,2,5,5,1,1
60,VEC_60,31,177,1,1,1,1,1,0,4,4,1,1
61,VEC_61,34,172,5,5,1,1,3,1,4,4,1,1
62,VEC_62,38,189,3,1,0,0,0,2,3,3,1,1
63,VEC_63,44,190,3,2,1,3,2,0,9,0,1,1
64,VEC_64,29,178,2,5,0,0,2,0,4,4,1,1
65,VEC_65,21,163,1,4,0,1,3,1,1,1,1,1
66,VEC_66,34,151,4,3,1,0,2,0,7,3,1,1
67,VEC_67,39,175,2,1,0,1,3,0,11,6,1,1
68,VEC_68,45,154,5,3,0,4,2,2,6,6,1,1
69,VEC_69,30,179,1,5,0,1,3,2,2,2,1,1
70,VEC_70,37,159,2,1,0,1,0,2,8,2,1,1
71,VEC_71,42,188,5,6,1,1,0,1,3,3,1,1
72,VEC_72,25,188,2,6,1,0,2,0,4,4,1,1
73,VEC_73,27,164,5,1,1,1,0,2,3,3,1,1
74,VEC_74,32,165,3,4,1,4,1,1,10,0,1,1
75,VEC_75,29,153,1,3,0,0,0,2,7,3,1,1
76,VEC_76,22,175,1,3,1,4,0,1,10,0,1,1
77,VEC_77,23,151,2,3,1,0,2,0,1,1,1,1
78,VEC_78,43,159,4,2,0,0,3,2,4,4,1,1
79,VEC_79,44,151,3,2,1,3,0,2,8,2,1,1
80,VEC_80,27,152,5,4,1,1,3,0,0,0,1,1
81,VEC_81,44,178,3,1,1,4,2,2,1,1,1,1
82,VEC_82,40,177,3,5,1,1,2,2,8,2,1,1
83,VEC_83,22,158,1,5,0,1,3,2,3,3,1,1
84,VEC_84,28,157,3,3,1,4,2,1,8,2,1,1
85,VEC_85,23,170,2,3,0,0,3,1,4,4,1,1
86,VEC_86,40,155,1,2,1,4,2,2,1,1,1,1
87,VEC_87,34,182,3,6,0,3,3,1,7,3,1,1
88,VEC_88,37,160,1,1,1,3,3,1,5,5,1,1
89,VEC_89,42,175,4,4,1,2,1,0,1,1,1,1
90,VEC_90,35,157,4,5,0,3,0,0,2,2,1,1
91,VEC_91,36,151,3,1,1,4,1,2,1,1,1,1
92,VEC_92,45,175,3,1,0,2,1,2,8,2,1,1
93,VEC_93,45,159,2,6,1,4,0,1,5,5,1,1
94,VEC_94,39,171,3,3,1,4,3,1,5,5,1,1
95,VEC_95,39,180,2,1,0,0,2,2,4,4,1,1
96,VEC_96,44,153,5,4,0,3,3,0,1,1,1,1
97,VEC_97,29,185,4,3,1,1,1,2,6,6,1,1
98,VEC_98,43,155,5,3,1,1,2,1,0,0,1,1
99,VEC_99,34,171,4,6,0,3,0,1,12,0,1,1
100,VEC_100,26,176,1,1,0,4,1,0,5,5,1,1
101,VEC_101,31,160,3,3,1,1,1,2,6,6,1,1
102,VEC_102,36,170,3,3,0,4,1,0,6,6,1,1
103,VEC_103,43,157,4,2,0,0,1,1,1,1,1,1
104,VEC_104,23,186,2,2,1,0,1,2,5,5,1,1
105,VEC_105,35,186,1,6,1,1,0,0,11,6,1,1
106,VEC_106,26,158,4,4,0,4,3,0,8,2,1,1
107,VEC_107,42,184,2,3,0,3,1,0,8,2,1,1
108,VEC_108,28,152,5,3,0,0,1,1,1,1,1,1
109,VEC_109,38,187,4,5,1,4,2,0,2,2,1,1
110,VEC_110,30,159,5,2,0,0,2,2,7,3,1,1
111,VEC_111,33,188,3,3,0,3,1,1,0,0,1,1
112,VEC_112,45,168,5,4,0,1,3,0,5,5,1,1
113,VEC_113,21,166,3,2,0,4,3,1,4,4,1,1
114,VEC_114,44,172,1,5,1,4,1,2,1,1,1,1
115,VEC_115,37,179,1,1,0,0,2,0,9,0,1,1
116,VEC_116,24,156,4,1,1,3,3,0,7,3,1,1
117,VEC_117,33,174,4,6,0,2,1,0,10,0,1,1
118,VEC_118,26,170,2,5,1,3,2,0,5,5,1,1
119,VEC_119,23,171,3,4,0,4,3,2,1,1,1,1
120,VEC_120,28,154,3,3,1,4,1,0,0,0,1,1
121,VEC_121,35,185,5,1,0,2,0,0,11,6,1,1
122,VEC_122,42,174,1,2,0,1,3,1,5,5,1,1
123,VEC_123,35,156,3,4,1,4,3,0,5,5,1,1
124,VEC_124,39,165,2,5,1,4,3,2,8,2,1,1
125,VEC_125,28,166,4,5,1,4,0,2,11,6,1,1
126,VEC_126,39,175,2,5,1,2,0,0,6,6,1,1
127,VEC_127,36,156,3,4,0,2,1,0,2,2,1,1
128,VEC_128,43,157,5,2,0,2,1,1,2,2,1,1
129,VEC_129,33,151,2,2,0,4,2,1,11,6,1,1
130,VEC_130,37,190,3,3,1,0,2,1,4,4,1,1
131,VEC_131,26,173,5,4,0,4,2,1,2,2,1,1
132,VEC_132,40,153,5,6,1,3,1,2,3,3,1,1
133,VEC_133,29,164,1,5,0,4,2,2,2,2,1,1
134,VEC_134,35,166,5,6,0,2,1,2,2,2,1,1
135,VEC_135,40,184,1,2,1,1,3,2,5,5,1,1
136,VEC_136,39,190,1,4,1,4,2,2,1,1,1,1
137,VEC_137,23,184,3,3,1,3,2,0,4,4,1,1
138,VEC_138,35,179,1,6,0,3,3,0,7,3,1,1
139,VEC_139,43,156,5,6,0,2,1,1,1,1,1,1
140,VEC_140,44,156,2,1,0,1,1,1,1,1,1,1
141,VEC_141,23,156,2,2,1,4,3,0,7,3,1,1
142,VEC_142,44,175,2,4,1,3,2,1,6,6,1,1
143,VEC_143,45,180,2,1,1,0,0,0,5,5,1,1
144,VEC_144,30,155,1,3,0,0,3,2,2,2,1,1
145,VEC_145,24,150,5,6,0,3,2,2,2,2,1,1
146,VEC_146,29,186,5,2,1,4,3,0,5,5,1,1
147,VEC_147,28,152,4,2,0,3,1,2,7,3,1,1
148,VEC_148,37,152,5,4,0,1,3,1,6,6,1,1
149,VEC_149,45,162,2,5,1,3,0,1,5,5,1,1
150,VEC_150,25,167,4,6,1,0,2,0,1,1,1,1
151,VEC_151,33,170,5,1,1,3,0,1,8,2,1,1
152,VEC_152,35,166,2,1,0,1,0,0,1,1,1,1
153,VEC_153,38,185,1,2,1,2,1,1,3,3,1,1
154,VEC_154,23,171,4,4,1,2,1,0,7,3,1,1
155,VEC_155,41,168,4,2,0,4,0,0,9,0,1,1
156,VEC_156,33,167,1,4,1,0,1,0,8,2,1,1
157,VEC_157,39,174,3,5,0,3,3,2,7,3,1,1
158,VEC_158,28,188,2,2,0,4,0,2,12,0,1,1
159,VEC_159,43,175,4,6,1,1,3,1,0,0,1,1
160,VEC_160,25,161,3,5,1,4,0,2,8,2,1,1
161,VEC_161,35,150,1,1,0,2,3,1,3,3,1,1
162,VEC_162,39,164,3,1,0,2,3,0,3,3,1,1
163,VEC_163,34,160,2,4,1,2,0,1,4,4,1,1
164,VEC_164,32,150,1,2,1,0,2,1,6,6,1,1
165,VEC_165,26,173,4,3,1,4,0,0,10,0,1,1
166,VEC_166,33,183,1,4,0,4,1,0,5,5,1,1
167,VEC_167,42,177,1,1,0,0,3,2,1,1,1,1
168,VEC_168,25,159,3,5,1,2,0,1,10,0,1,1
169,VEC_169,22,175,1,3,0,2,2,0,5,5,1,1
170,VEC_170,40,155,1,5,1,4,2,0,4,4,1,1
171,VEC_171,27,153,3,3,0,2,3,1,6,6,1,1
172,VEC_172,32,160,2,5,1,1,0,1,5,5,1,1
173,VEC_173,40,150,3,4,0,1,3,0,4,4,1,1
174,VEC_174,30,156,3,2,1,1,3,0,5,5,1,1
175,VEC_175,34,175,2,6,1,0,1,2,8,2,1,1
176,VEC_176,44,166,2,6,0,1,0,0,1,1,1,1
177,VEC_177,36,162,2,2,0,4,3,1,7,3,1,1
178,VEC_178,31,190,2,4,1,1,1,2,2,2,1,1
179,VEC_179,21,170,2,2,0,2,0,2,4,4,1,1
180,VEC_180,34,158,2,2,1,3,1,1,1,1,1,1
181,VEC_181,40,153,4,4,1,2,0,1,7,3,1,1
182,VEC_182,42,183,5,1,1,3,2,2,4,4,1,1
183,VEC_183,30,160,1,1,1,3,2,1,4,4,1,1
184,VEC_184,29,179,3,4,0,2,3,2,1,1,1,1
185,VEC_185,32,171,4,4,1,4,2,0,4,4,1,1
186,VEC_186,45,172,4,4,1,3,2,1,11,6,1,1
187,VEC_187,36,172,1,1,0,4,1,2,1,1,1,1
188,VEC_188,38,174,1,4,0,4,2,0,5,5,1,1
189,VEC_189,40,189,4,3,0,0,1,2,7,3,1,1
190,VEC_190,45,164,1,2,1,1,3,1,12,0,1,1
191,VEC_191,43,171,5,5,1,0,0,0,7,3,1,1
192,VEC_192,24,174,2,3,0,1,2,2,4,4,1,1
193,VEC_193,27,163,2,5,1,1,1,2,4,4,1,1
194,VEC_194,21,183,2,3,1,3,0,1,3,3,1,1
195,VEC_195,24,189,3,6,1,3,2,2,3,3,1,1
196,VEC_196,41,173,3,4,1,0,1,1,7,3,1,1
197,VEC_197,39,166,5,1,1,3,0,0,6,6,1,1
198,VEC_198,37,160,2,6,0,4,0,1,6,6,1,1
199,VEC_199,41,189,3,5,1,1,2,0,1,1,1,1
200,VEC_200,24,160,2,6,0,2,0,2,2,2,1,1
201,VEC_201,22,155,3,4,1,1,0,1,4,4,1,1
202,VEC_202,45,187,3,5,0,1,0,2,4,4,1,1
203,VEC_203,38,168,2,1,0,1,0,2,4,4,1,1
204,VEC_204,26,161,5,1,1,3,0,2,4,4,1,1
205,VEC_205,42,165,4,3,1,2,1,0,2,2,1,1
206,VEC_206,28,177,3,3,0,1,2,0,2,2,1,1
207,VEC_207,21,182,1,5,0,0,2,1,4,4,1,1
208,VEC_208,33,173,4,2,1,3,1,1,5,5,1,1
209,VEC_209,22,163,3,1,1,4,2,1,2,2,1,1
210,VEC_210,33,164,1,5,0,1,2,2,5,5,1,1
211,VEC_211,42,164,5,2,1,4,2,1,5,5,1,1
212,VEC_212,29,161,3,1,0,0,0,2,9,0,1,1
213,VEC_213,26,171,2,1,0,2,1,0,5,5,1,1
214,VEC_214,23,180,4,5,0,0,0,2,7,3,1,1
215,VEC_215,29,180,1,6,0,1,2,1,1,1,1,1
216,VEC_216,29,184,2,4,1,0,3,0,4,4,1,1
217,VEC_217,42,157,4,3,1,3,0,2,4,4,1,1
218,VEC_218,28,173,5,3,0,4,2,2,0,0,1,1
219,VEC_219,40,160,3,4,0,3,0,1,9,0,1,1
220,VEC_220,32,167,3,2,1,4,2,1,4,4,1,1
221,VEC_221,33,186,4,1,1,4,2,1,4,4,1,1
222,VEC_222,28,168,4,3,0,1,0,1,4,4,1,1
223,VEC_223,27,164,1,6,0,1,1,1,3,3,1,1
224,VEC_224,33,164,1,5,0,2,2,2,3,3,1,1
225,VEC_225,31,173,4,5,0,0,3,0,1,1,1,1
226,VEC_226,26,186,2,5,1,3,0,0,8,2,1,1
227,VEC_227,36,169,2,1,1,2,2,2,11,6,1,1
228,VEC_228,34,157,3,6,1,3,1,0,2,2,1,1
229,VEC_229,23,155,3,5,1,1,3,0,1,1,1,1
230,VEC_230,42,166,1,1,0,3,1,1,4,4,1,1
231,VEC_231,30,164,2,1,0,4,1,2,4,4,1,1
232,VEC_232,41,190,5,2,0,0,3,0,5,5,1,1
233,VEC_233,36,184,3,5,0,4,3,0,8,2,1,1
234,VEC_234,28,166,5,3,1,3,3,2,3,3,1,1
235,VEC_235,27,170,3,3,1,0,0,1,8,2,1,1
236,VEC_236,32,179,4,1,1,2,1,0,8,2,1,1
237,VEC_237,27,179,3,3,1,3,2,2,6,6,1,1
238,VEC_238,41,177,1,1,0,1,0,1,9,0,1,1
239,VEC_239,22,172,3,5,1,2,1,1,7,3,1,1
240,VEC_240,38,168,3,6,1,3,1,0,4,4,1,1
241,VEC_241,45,190,3,6,1,2,3,1,1,1,1,1
242,VEC_242,37,154,2,1,1,2,1,0,12,0,1,1
243,VEC_243,41,181,4,3,0,2,3,2,9,0,1,1
244,VEC_244,27,162,5,4,0,0,1,2,5,5,1,1
245,VEC_245,38,188,4,6,1,0,3,0,4,4,1,1
246,VEC_246,30,188,2,3,0,1,0,1,4,4,1,1
247,VEC_247,28,166,1,6,1,0,2,1,5,5,1,1
248,VEC_248,45,171,5,1,1,2,1,2,12,0,1,1
249,VEC_249,42,175,3,4,0,0,0,0,6,6,1,1
250,VEC_250,45,158,5,2,1,0,1,0,5,5,1,1
251,VEC_251,34,173,3,5,0,1,0,1,4,4,1,1
252,VEC_252,28,189,4,1,0,1,0,0,12,0,1,1
253,VEC_253,33,187,2,6,0,1,1,0,4,4,1,1
254,VEC_254,21,168,5,5,1,4,0,0,7,3,1,1
255,VEC_255,44,160,2,5,1,1,3,0,1,1,1,1
256,VEC_256,37,189,4,3,0,4,1,1,10,0,1,1
257,VEC_257,30,183,5,5,0,0,1,1,7,3,1,1
258,VEC_258,24,158,5,2,1,0,3,2,6,6,1,1
259,VEC_259,26,174,4,1,1,3,1,1,4,4,1,1
260,VEC_260,28,177,5,5,1,4,3,2,3,3,1,1
261,VEC_261,37,190,4,2,0,4,2,0,5,5,1,1
262,VEC_262,33,176,2,4,0,3,2,2,6,6,1,1
263,VEC_263,44,182,3,5,1,0,2,1,10,0,1,1
264,VEC_264,27,150,1,5,0,4,2,2,9,0,1,1
265,VEC_265,40,190,3,1,0,3,1,2,11,6,1,1
266,VEC_266,35,187,1,4,1,1,3,0,5,5,1,1
267,VEC_267,43,163,5,6,1,0,0,2,5,5,1,1
268,VEC_268,40,164,1,6,1,2,0,0,1,1,1,1
269,VEC_269,29,154,3,3,0,0,3,1,4,4,1,1
270,VEC_270,41,179,5,6,0,4,0,0,1,1,1,1
271,VEC_271,39,188,1,3,1,2,3,0,1,1,1,1
272,VEC_272,22,162,2,3,0,2,2,1,0,0,1,1
273,VEC_273,21,169,1,5,1,2,3,1,4,4,1,1
274,VEC_274,42,157,5,5,1,1,0,2,3,3,1,1
275,VEC_275,30,189,1,1,0,2,1,0,6,6,1,1
276,VEC_276,30,171,2,1,1,0,0,2,5,5,1,1
277,VEC_277,26,171,1,3,1,4,0,0,8,2,1,1
278,VEC_278,30,184,5,2,0,4,1,1,2,2,1,1
279,VEC_279,44,186,1,4,0,0,2,2,6,6,1,1
280,VEC_280,23,163,4,5,1,2,1,1,1,1,1,1
281,VEC_281,40,182,1,6,1,2,3,1,12,0,1,1
282,VEC_282,33,174,5,4,1,3,2,1,4,4,1,1
283,VEC_283,25,155,4,5,1,4,2,1,4,4,1,1
284,VEC_284,43,182,5,4,1,0,3,1,7,3,1,1
285,VEC_285,41,154,3,5,0,0,3,1,11,6,1,1
286,VEC_286,44,186,3,6,0,4,1,1,0,0,1,1
287,VEC_287,29,166,2,6,0,0,1,2,5,5,1,1
288,VEC_288,40,159,2,2,1,3,2,2,9,0,1,1
289,VEC_289,33,174,4,4,1,0,2,0,1,1,1,1
290,VEC_290,29,187,2,3,1,3,1,0,2,2,1,1
291,VEC_291,44,168,2,5,1,2,0,2,2,2,1,1
292,VEC_292,29,168,3,3,0,4,3,2,4,4,1,1
293,VEC_293,36,162,4,2,0,4,0,2,1,1,1,1
294,VEC_294,21,181,3,2,1,2,0,0,3,3,1,1
295,VEC_295,43,180,4,1,0,1,3,0,10,0,1,1
296,VEC_296,30,174,2,2,0,4,0,0,1,1,1,1
297,VEC_297,21,152,5,4,1,2,2,1,1,1,1,1
298,VEC_298,21,161,5,1,0,2,2,1,6,6,1,1
299,VEC_299,31,157,5,2,1,3,3,1,3,3,1,1
300,VEC_300,39,152,4,1,0,0,2,1,1,1,1,1
301,VEC_301,41,167,1,5,0,3,1,2,6,6,1,1
302,VEC_302,40,173,2,3,0,3,2,2,5,5,1,1
303,VEC_303,34,166,5,2,1,2,0,1,2,2,1,1
304,VEC_304,44,170,4,2,1,3,0,2,1,1,1,1
305,VEC_305,32,158,2,1,1,1,3,0,11,6,1,1
306,VEC_306,41,189,4,2,0,3,0,2,2,2,1,1
307,VEC_307,39,159,5,1,1,2,0,2,1,1,1,1
308,VEC_308,32,168,2,6,1,2,2,0,6,6,1,1
309,VEC_309,41,154,3,6,1,0,0,0,4,4,1,1
310,VEC_310,35,189,2,2,0,3,0,2,1,1,1,1
311,VEC_311,29,153,1,4,1,4,2,2,8,2,1,1
312,VEC_312,23,156,5,6,1,3,2,1,11,6,1,1
313,VEC_313,23,151,3,4,0,1,2,0,2,2,1,1
314,VEC_314,30,153,5,3,0,4,1,1,1,1,1,1
315,VEC_315,26,163,4,5,1,1,3,0,8,2,1,1
316,VEC_316,41,168,1,6,0,3,2,2,0,0,1,1
317,VEC_317,31,153,1,1,1,0,1,1,2,2,1,1
318,VEC_318,33,159,3,3,0,4,3,0,4,4,1,1
319,VEC_319,25,187,3,1,1,3,3,2,4,4,1,1
320,VEC_320,33,168,4,2,0,1,3,2,6,6,1,1
321,VEC_321,21,157,5,4,0,2,3,0,1,1,1,1
322,VEC_322,43,158,3,1,0,1,3,2,8,2,1,1
323,VEC_323,42,169,2,5,1,2,3,1,3,3,1,1
324,VEC_324,38,189,1,1,0,0,0,0,7,3,1,1
325,VEC_325,21,157,2,1,1,3,3,1,11,6,1,1
326,VEC_326,29,152,2,5,0,2,0,2,1,1,1,1
327,VEC_327,37,186,3,2,1,2,1,1,6,6,1,1
328,VEC_328,26,172,3,1,1,0,1,1,4,4,1,1
329,VEC_329,33,168,3,4,1,4,1,0,1,1,1,1
330,VEC_330,24,159,2,3,1,2,1,0,5,5,1,1
331,VEC_331,32,180,1,1,1,4,3,0,3,3,1,1
332,VEC_332,26,174,1,1,1,3,3,2,4,4,1,1
333,VEC_333,45,152,4,1,1,4,3,0,7,3,1,1
334,VEC_334,42,185,5,1,0,4,2,1,5,5,1,1
335,VEC_335,25,173,4,3,0,2,3,1,5,5,1,1
336,VEC_336,30,157,4,5,0,0,3,0,4,4,1,1
337,VEC_337,36,156,3,2,1,1,2,2,5,5,1,1
338,VEC_338,22,169,1,5,0,0,0,2,8,2,1,1
339,VEC_339,34,184,4,6,1,4,3,2,5,5,1,1
340,VEC_340,37,162,3,4,1,3,1,2,5,5,1,1
341,VEC_341,24,159,4,4,0,1,2,2,1,1,1,1
342,VEC_342,44,181,1,4,0,2,3,0,4,4,1,1
343,VEC_343,28,188,2,4,1,0,2,2,1,1,1,1
344,VEC_344,43,157,3,4,0,4,1,1,1,1,1,1
345,VEC_345,42,157,3,1,1,4,0,0,8,2,1,1
346,VEC_346,45,181,3,5,1,1,2,1,7,3,1,1
347,VEC_347,41,158,1,2,0,1,3,1,4,4,1,1
348,VEC_348,27,155,1,1,1,4,2,1,3,3,1,1
349,VEC_349,40,166,5,4,1,3,0,2,5,5,1,1
350,VEC_350,34,163,2,1,1,3,2,0,1,1,1,1
351,VEC_351,31,175,5,1,0,4,3,1,1,1,1,1
352,VEC_352,42,173,5,4,1,0,1,1,8,2,1,1
353,VEC_353,29,173,4,2,0,0,3,0,11,6,1,1
354,VEC_354,29,160,3,6,0,2,2,0,10,0,1,1
355,VEC_355,44,182,5,5,1,0,1,1,6,6,1,1
356,VEC_356,39,156,4,4,0,2,2,2,1,1,1,1
357,VEC_357,41,168,3,2,0,0,2,0,7,3,1,1
358,VEC_358,36,177,1,3,0,0,1,2,0,0,1,1
359,VEC_359,32,189,3,4,0,4,0,2,3,3,1,1
360,VEC_360,25,169,1,5,1,1,0,1,2,2,1,1
361,VEC_361,26,161,4,6,0,4,3,2,10,0,1,1
362,VEC_362,21,175,5,6,0,4,2,0,1,1,1,1
363,VEC_363,43,162,5,2,0,3,1,2,7,3,1,1
364,VEC_364,21,178,1,1,1,1,2,0,1,1,1,1
365,VEC_365,37,151,4,4,1,0,0,2,6,6,1,1
366,VEC_366,37,164,4,4,1,0,2,0,1,1,1,1
367,VEC_367,27,160,2,5,1,4,2,1,6,6,1,1
368,VEC_368,24,189,3,1,0,3,2,0,8,2,1,1
369,VEC_369,38,152,3,6,0,2,1,1,12,0,1,1
370,VEC_370,28,180,4,3,1,3,0,0,7,3,1,1
371,VEC_371,25,150,2,4,1,2,3,0,10,0,1,1
372,VEC_372,44,170,4,6,1,0,1,0,1,1,1,1
373,VEC_373,37,184,2,1,1,0,3,0,4,4,1,1
374,VEC_374,45,157,5,5,1,2,2,1,12,0,1,1
375,VEC_375,37,187,4,1,0,2,1,0,0,0,1,1
376,VEC_376,29,187,2,2,1,4,2,0,5,5,1,1
377,VEC_377,38,173,3,1,0,2,0,2,4,4,1,1
378,VEC_378,22,169,3,1,0,4,0,2,11,6,1,1
379,VEC_379,37,190,1,5,0,4,1,0,7,3,1,1
380,VEC_380,26,151,1,2,1,0,0,2,4,4,1,1
381,VEC_381,28,187,1,4,0,0,3,2,2,2,1,1
382,VEC_382,38,160,4,6,0,1,0,0,12,0,1,1
383,VEC_383,29,174,5,4,0,3,1,2,1,1,1,1
384,VEC_384,38,187,4,4,0,0,1,2,0,0,1,1
385,VEC_385,35,189,5,3,1,2,0,0,12,0,1,1
386,VEC_386,33,157,5,3,0,1,2,2,2,2,1,1
387,VEC_387,41,150,4,4,1,2,1,2,9,0,1,1
388,VEC_388,45,150,1,3,1,3,2,1,1,1,1,1
389,VEC_389,21,162,2,6,1,1,2,2,1,1,1,1
390,VEC_390,43,184,1,3,1,0,2,0,6,6,1,1
391,VEC_391,34,184,5,1,0,4,1,1,0,0,1,1
392,VEC_392,34,151,2,3,0,1,1,0,10,0,1,1
393,VEC_393,22,174,3,5,0,3,0,1,12,0,1,1
394,VEC_394,28,188,4,5,0,2,2,0,5,5,1,1
395,VEC_395,39,162,4,6,0,0,3,0,5,5,1,1
396,VEC_396,30,187,3,3,1,4,3,0,5,5,1,1
397,VEC_397,31,162,3,5,0,0,3,2,7,3,1,1
398,VEC_398,43,164,4,2,0,3,2,0,4,4,1,1
399,VEC_399,27,190,2,2,0,2,1,0,8,2,1,1
400,VEC_400,33,157,2,5,0,4,1,0,9,0,1,1
401,VEC_401,31,188,2,3,1,2,1,0,4,4,1,1
402,VEC_402,45,182,3,5,0,4,1,2,11,6,1,1
403,VEC_403,27,178,2,3,0,1,2,2,6,6,1,1
404,VEC_404,34,178,4,1,0,1,2,0,1,1,1,1
405,VEC_405,28,156,3,3,0,2,1,1,3,3,1,1
406,VEC_406,33,187,2,6,1,4,1,1,3,3,1,1
407,VEC_407,34,176,5,2,0,0,0,1,2,2,1,1
408,VEC_408,39,152,4,1,1,0,2,1,2,2,1,1
409,VEC_409,22,188,2,2,0,3,0,0,9,0,1,1
410,VEC_410,38,176,3,4,0,4,1,1,9,0,1,1
411,VEC_411,40,165,1,6,1,4,2,2,10,0,1,1
412,VEC_412,35,174,2,2,0,2,2,1,11,6,1,1
413,VEC_413,37,170,4,1,0,1,1,1,7,3,1,1
414,VEC_414,31,179,2,4,0,2,1,0,4,4,1,1
415,VEC_415,42,150,1,6,1,4,3,1,6,6,1,1
416,VEC_416,22,174,1,4,0,1,1,1,5,5,1,1
417,VEC_417,37,156,4,1,0,3,1,0,10,0,1,1
418,VEC_418,28,154,2,4,1,0,3,1,11,6,1,1
419,VEC_419,31,161,5,5,1,4,0,1,4,4,1,1
420,VEC_420,45,165,2,2,1,3,3,0,11,6,1,1
421,VEC_421,37,176,2,5,1,3,3,1,4,4,1,1
422,VEC_422,22,190,2,2,1,2,1,2,9,0,1,1
423,VEC_423,30,168,3,4,0,3,3,1,5,5,1,1
424,VEC_424,45,169,4,3,1,0,1,0,1,1,1,1
425,VEC_425,27,150,3,4,1,4,2,0,6,6,1,1
426,VEC_426,37,181,2,2,1,2,2,2,8,2,1,1
427,VEC_427,21,157,1,5,0,4,2,2,5,5,1,1
428,VEC_428,45,155,2,6,1,1,1,2,4,4,1,1
429,VEC_429,44,177,2,5,1,3,1,0,4,4,1,1
430,VEC_430,41,160,3,1,1,4,0,1,1,1,1,1
431,VEC_431,37,150,5,4,0,1,2,0,9,0,1,1
432,VEC_432,24,150,5,3,0,3,0,1,8,2,1,1
433,VEC_433,22,170,5,1,1,0,2,2,0,0,1,1
434,VEC_434,23,169,5,2,0,3,2,0,11,6,1,1
435,VEC_435,28,166,4,1,1,2,1,2,3,3,1,1
436,VEC_436,24,168,5,3,0,1,1,1,11,6,1,1
437,VEC_437,45,173,1,5,1,0,1,0,1,1,1,1
438,VEC_438,40,170,4,3,1,1,2,1,6,6,1,1
439,VEC_439,30,160,3,4,1,1,2,0,4,4,1,1
440,VEC_440,35,160,2,6,0,4,3,1,3,3,1,1
441,VEC_441,26,153,4,2,0,1,2,2,8,2,1,1
442,VEC_442,45,179,1,1,1,4,3,1,7,3,1,1
443,VEC_443,41,177,5,2,0,2,3,2,1,1,1,1
444,VEC_444,42,157,1,2,0,2,2,1,7,3,1,1
445,VEC_445,34,150,4,2,1,0,3,2,2,2,1,1
446,VEC_446,30,163,5,4,0,3,3,1,6,6,1,1
447,VEC_447,38,163,5,5,1,3,3,2,4,4,1,1
448,VEC_448,42,185,2,2,1,2,3,0,12,0,1,1
449,VEC_449,24,183,1,2,1,1,3,1,5,5,1,1
450,VEC_450,42,158,3,6,0,1,0,2,4,4,1,1
451,VEC_451,30,190,1,6,1,1,0,1,1,1,1,1
452,VEC_452,36,181,5,2,0,0,0,1,1,1,1,1
453,VEC_453,32,158,3,1,0,4,2,1,6,6,1,1
454,VEC_454,41,182,5,4,1,4,0,1,11,6,1,1
455,VEC_455,36,162,1,2,0,3,2,0,10,0,1,1
456,VEC_456,42,178,2,1,1,4,0,2,10,0,1,1
457,VEC_457,24,176,4,2,0,3,3,2,1,1,1,1
458,VEC_458,34,180,2,6,1,2,2,2,1,1,1,1
459,VEC_459,43,182,2,4,1,0,1,1,4,4,1,1
460,VEC_460,43,190,4,6,1,4,2,2,1,1,1,1
461,VEC_461,22,150,5,1,1,3,3,0,9,0,1,1
462,VEC_462,31,173,3,2,0,0,3,2,4,4,1,1
463,VEC_463,38,189,2,4,1,3,1,1,12,0,1,1
464,VEC_464,43,158,4,6,0,2,1,0,11,6,1,1
465,VEC_465,21,160,5,3,1,2,2,2,6,6,1,1
466,VEC_466,41,159,1,1,0,2,1,2,2,2,1,1
467,VEC_467,41,150,5,1,1,3,3,2,2,2,1,1
468,VEC_468,28,177,2,2,1,2,2,0,11,6,1,1
469,VEC_469,23,177,2,6,0,4,0,2,9,0,1,1
470,VEC_470,29,159,3,6,0,2,0,2,7,3,1,1
471,VEC_471,38,167,3,1,0,2,0,2,6,6,1,1
472,VEC_472,28,174,1,3,1,4,1,1,4,4,1,1
473,VEC_473,40,161,3,4,1,1,3,1,5,5,1,1
474,VEC_474,24,186,2,4,1,3,0,1,7,3,1,1
475,VEC_475,38,181,5,6,0,0,1,1,1,1,1,1
476,VEC_476,22,172,2,2,1,4,1,0,6,6,1,1
477,VEC_477,42,187,2,1,0,3,0,0,4,4,1,1
478,VEC_478,36,176,1,6,0,2,3,1,4,4,1,1
479,VEC_479,43,164,2,4,1,2,2,2,5,5,1,1
480,VEC_480,26,153,1,1,1,4,1,1,3,3,1,1
481,VEC_481,27,185,5,1,0,3,3,2,3,3,1,1
482,VEC_482,31,175,5,1,1,2,3,2,5,5,1,1
483,VEC_483,23,190,5,5,0,3,1,1,11,6,1,1
484,VEC_484,40,188,3,5,1,4,0,1,6,6,1,1
485,VEC_485,23,161,2,1,1,4,3,2,2,2,1,1
486,VEC_486,37,189,1,5,0,4,2,2,1,1,1,1
487,VEC_487,35,155,2,6,0,0,2,1,11,6,1,1
488,VEC_488,24,167,2,3,1,3,2,2,11,6,1,1
489,VEC_489,29,166,1,3,0,3,0,0,3,3,1,1
490,VEC_490,34,180,4,1,0,4,3,2,11,6,1,1
491,VEC_491,36,170,4,6,0,1,0,1,1,1,1,1
492,VEC_492,27,162,3,5,1,1,3,0,11,6,1,1
493,VEC_493,35,177,4,3,1,0,1,0,9,0,1,1
494,VEC_494,41,178,4,5,0,1,2,1,1,1,1,1
495,VEC_495,28,182,2,1,1,1,3,2,0,0,1,1
496,VEC_496,28,185,2,6,1,4,0,0,11,6,1,1
497,VEC_497,41,186,1,1,0,1,1,1,5,5,1,1
498,VEC_498,35,190,5,2,1,3,1,1,9,0,1,1
499,VEC_499,24,159,2,4,0,2,0,0,1,1,1,1
500,VEC_500,41,178,5,6,1,1,0,2,1,1,1,1
501,VEC_501,24,162,1,2,0,2,1,0,5,5,1,1
502,VEC_502,35,181,3,4,0,3,3,1,8,2,1,1
503,VEC_503,40,156,1,4,1,3,3,2,3,3,1,1
504,VEC_504,26,170,3,3,1,3,0,2,12,0,1,1
505,VEC_505,33,168,5,6,1,3,0,0,6,6,1,1
506,VEC_506,24,157,1,3,0,1,2,2,8,2,1,1
507,VEC_507,23,180,1,5,1,1,3,0,4,4,1,1
508,VEC_508,22,150,2,6,0,4,1,1,9,0,1,1
509,VEC_509,29,160,5,4,1,2,1,1,4,4,1,1
510,VEC_510,43,155,1,2,0,3,0,0,8,2,1,1
511,VEC_511,43,179,4,4,1,2,1,0,3,3,1,1
512,VEC_512,24,157,5,4,0,3,3,0,11,6,1,1
513,VEC_513,22,178,2,3,1,2,2,0,5,5,1,1
514,VEC_514,24,164,5,1,0,0,3,1,4,4,1,1
515,VEC_515,32,190,5,6,0,1,0,1,6,6,1,1
516,VEC_516,21,180,1,5,1,3,3,1,1,1,1,1
517,VEC_517,37,182,4,4,1,2,3,0,7,3,1,1
518,VEC_518,24,167,2,3,1,2,1,1,5,5,1,1
519,VEC_519,29,190,3,3,1,0,1,2,4,4,1,1
520,VEC_520,39,172,2,5,0,4,1,2,1,1,1,1
521,VEC_521,39,157,1,1,0,2,2,2,11,6,1,1
522,VEC_522,30,164,1,3,0,3,2,0,1,1,1,1
523,VEC_523,34,185,4,5,0,2,3,2,2,2,1,1
524,VEC_524,34,179,2,5,1,2,0,1,1,1,1,1
525,VEC_525,35,183,3,5,1,2,3,1,4,4,1,1
526,VEC_526,37,159,2,3,0,3,1,2,4,4,1,1
527,VEC_527,28,163,1,3,0,0,2,1,5,5,1,1
528,VEC_528,41,151,5,2,0,3,1,2,1,1,1,1
529,VEC_529,35,176,4,1,1,1,2,2,4,4,1,1
530,VEC_530,26,172,2,6,1,1,2,1,2,2,1,1
531,VEC_531,33,180,3,5,0,0,3,2,3,3,1,1
532,VEC_532,31,164,4,1,0,2,1,0,1,1,1,1
533,VEC_533,24,178,4,4,0,0,1,0,11,6,1,1
534,VEC_534,25,150,5,4,0,0,0,1,6,6,1,1
535,VEC_535,23,186,2,1,1,1,0,0,1,1,1,1
536,VEC_536,38,186,1,5,0,0,3,2,2,2,1,1
537,VEC_537,38,171,5,6,0,3,2,2,6,6,1,1
538,VEC_538,36,182,1,1,0,4,2,1,12,0,1,1
539,VEC_539,38,158,3,4,0,0,3,1,1,1,1,1
540,VEC_540,44,165,1,3,0,3,2,0,7,3,1,1
541,VEC_541,38,163,3,5,0,3,2,0,0,0,1,1
542,VEC_542,27,158,2,1,1,0,1,0,2,2,1,1
543,VEC_543,22,167,1,2,1,2,2,0,2,2,1,1
544,VEC_544,29,187,1,1,1,0,2,2,0,0,1,1
545,VEC_545,35,165,3,3,1,1,0,2,11,6,1,1
546,VEC_546,39,170,4,1,0,4,0,1,0,0,1,1
547,VEC_547,29,167,1,2,0,3,1,2,1,1,1,1
548,VEC_548,42,172,1,5,1,0,1,1,2,2,1,1
549,VEC_549,21,170,5,1,1,4,3,0,2,2,1,1
550,VEC_550,39,152,5,5,1,4,0,1,11,6,1,1
551,VEC_551,39,168,1,6,1,1,1,0,2,2,1,1
552,VEC_552,35,176,5,6,1,0,1,2,5,5,1,1
553,VEC_553,41,162,5,6,0,3,0,0,5,5,1,1
554,VEC_554,25,175,5,5,1,1,0,0,1,1,1,1
555,VEC_555,43,158,5,5,1,0,0,1,8,2,1,1
556,VEC_556,36,171,4,3,0,0,2,0,11,6,1,1
557,VEC_557,24,168,5,1,1,3,1,0,2,2,1,1
558,VEC_558,21,173,4,3,0,4,2,1,10,0,1,1
559,VEC_559,44,164,5,6,0,3,3,0,2,2,1,1
560,VEC_560,28,158,4,2,0,3,3,1,4,4,1,1
561,VEC_561,22,176,4,5,0,4,1,0,4,4,1,1
562,VEC_562,30,156,4,1,1,4,2,1,5,5,1,1
563,VEC_563,21,168,3,6,1,4,0,0,4,4,1,1
564,VEC_564,30,178,5,5,0,3,1,1,2,2,1,1
565,VEC_565,37,163,3,2,0,3,2,1,4,4,1,1
566,VEC_566,36,152,2,1,0,2,1,2,5,5,1,1
567,VEC_567,44,184,3,3,1,0,2,2,12,0,1,1
568,VEC_568,23,164,5,2,1,4,3,2,8,2,1,1
569,VEC_569,35,173,1,1,1,1,3,2,7,3,1,1
570,VEC_570,22,181,5,5,1,1,1,0,5,5,1,1
571,VEC_571,43,180,4,2,0,2,2,1,8,2,1,1
572,VEC_572,25,185,3,5,0,1,0,0,4,4,1,1
573,VEC_573,27,171,4,2,1,3,2,0,1,1,1,1
574,VEC_574,22,189,2,3,1,2,3,2,2,2,1,1
575,VEC_575,24,163,5,6,0,0,0,2,9,0,1,1
576,VEC_576,25,160,4,4,0,2,0,2,7,3,1,1
577,VEC_577,37,170,2,4,1,3,1,0,8,2,1,1
578,VEC_578,45,172,2,6,1,0,1,0,3,3,1,1
579,VEC_579,37,150,3,3,0,1,2,1,8,2,1,1
580,VEC_580,40,159,1,4,0,3,0,1,2,2,1,1
581,VEC_581,39,173,1,1,1,4,2,2,4,4,1,1
582,VEC_582,30,167,1,5,1,1,2,2,6,6,1,1
583,VEC_583,21,163,2,6,0,2,1,2,7,3,1,1
584,VEC_584,29,162,3,5,1,4,3,0,6,6,1,1
585,VEC_585,27,171,3,2,1,1,0,1,8,2,1,1
586,VEC_586,42,187,4,3,1,1,0,0,8,2,1,1
587,VEC_587,39,186,3,5,1,4,1,2,3,3,1,1
588,VEC_588,39,175,5,2,1,0,1,2,3,3,1,1
589,VEC_589,35,150,2,2,1,3,3,1,1,1,1,1
590,VEC_590,43,163,2,3,0,4,1,0,1,1,1,1
591,VEC_591,45,165,4,1,0,0,0,2,6,6,1,1
592,VEC_592,34,159,2,2,1,4,0,0,4,4,1,1
593,VEC_593,39,182,4,4,0,2,2,2,2,2,1,1
594,VEC_594,24,161,5,3,1,2,1,0,3,3,1,1
595,VEC_595,29,177,3,4,1,2,3,0,0,0,1,1
596,VEC_596,23,184,4,6,1,4,2,0,6,6,1,1
597,VEC_597,31,190,3,6,0,4,0,2,1,1,1,1
598,VEC_598,32,186,1,5,0,1,1,2,4,4,1,1
599,VEC_599,35,188,3,2,0,2,1,1,8,2,1,1
600,VEC_600,31,172,2,6,0,4,1,2,8,2,1,1
601,VEC_601,30,168,5,2,0,4,0,2,11,6,1,1
602,VEC_602,33,188,3,2,1,3,1,2,5,5,1,1
603,VEC_603,37,184,4,2,0,4,2,0,4,4,1,1
604,VEC_604,34,176,5,5,0,0,1,2,1,1,1,1
605,VEC_605,44,188,3,6,0,0,1,0,2,2,1,1
606,VEC_606,42,188,2,2,1,4,0,0,1,1,1,1
607,VEC_607,35,180,5,6,0,4,0,0,4,4,1,1
608,VEC_608,42,171,1,4,0,3,3,0,8,2,1,1
609,VEC_609,40,152,3,5,1,0,3,1,5,5,1,1
610,VEC_610,25,188,3,2,1,3,0,2,6,6,1,1
611,VEC_611,37,173,4,1,0,3,2,0,5,5,1,1
612,VEC_612,32,181,3,6,0,2,1,1,4,4,1,1
613,VEC_613,35,186,2,2,0,1,1,2,7,3,1,1
614,VEC_614,22,163,5,1,0,0,2,1,11,6,1,1
615,VEC_615,30,186,5,6,0,2,2,1,5,5,1,1
616,VEC_616,41,169,5,3,1,1,3,2,5,5,1,1
617,VEC_617,42,169,2,2,0,0,1,1,10,0,1,1
618,VEC_618,27,175,4,6,0,0,1,2,2,2,1,1
619,VEC_619,44,170,4,1,1,0,2,1,4,4,1,1
620,VEC_620,21,170,5,4,1,0,1,2,8,2,1,1
621,VEC_621,43,181,1,6,0,0,2,1,3,3,1,1
622,VEC_622,25,187,3,5,1,0,0,1,7,3,1,1
623,VEC_623,26,170,3,3,1,1,3,2,4,4,1,1
624,VEC_624,21,186,3,6,0,1,2,2,5,5,1,1
625,VEC_625,45,154,2,6,1,1,2,2,5,5,1,1
626,VEC_626,21,189,3,2,1,3,3,1,5,5,1,1
627,VEC_627,27,169,3,1,0,0,0,2,7,3,1,1
628,VEC_628,21,158,2,4,0,2,2,2,3,3,1,1
629,VEC_629,26,163,2,1,0,1,3,1,6,6,1,1
630,VEC_630,32,173,4,4,1,1,1,1,1,1,1,1
631,VEC_631,45,152,2,4,0,1,3,0,11,6,1,1
632,VEC_632,41,173,4,1,0,2,0,1,8,2,1,1
633,VEC_633,23,157,1,3,0,0,2,2,10,0,1,1
634,VEC_634,25,164,4,3,1,3,0,1,4,4,1,1
635,VEC_635,45,158,1,2,1,3,0,0,4,4,1,1
636,VEC_636,27,190,5,4,1,3,2,0,1,1,1,1
637,VEC_637,42,171,1,5,1,2,3,2,4,4,1,1
638,VEC_638,34,185,2,1,1,4,1,2,8,2,1,1
639,VEC_639,32,160,5,5,0,0,1,1,4,4,1,1
640,VEC_640,44,169,5,5,1,0,3,2,2,2,1,1
641,VEC_641,33,187,4,1,0,2,1,1,4,4,1,1
642,VEC_642,37,156,3,1,0,4,1,0,5,5,1,1
643,VEC_643,43,181,5,5,1,0,0,2,1,1,1,1
644,VEC_644,34,166,4,2,1,2,2,2,8,2,1,1
645,VEC_645,39,156,1,3,0,0,2,2,5,5,1,1
646,VEC_646,34,151,3,4,1,1,3,1,0,0,1,1
647,VEC_647,45,172,5,6,1,2,3,2,4,4,1,1
648,VEC_648,27,166,2,3,0,1,2,1,3,3,1,1
649,VEC_649,27,155,3,5,1,4,3,2,5,5,1,1
650,VEC_650,28,185,2,2,0,2,2,2,1,1,1,1
651,VEC_651,34,161,3,3,1,0,2,0,1,1,1,1
652,VEC_652,24,182,3,6,0,1,0,1,7,3,1,1
653,VEC_653,21,185,2,1,1,2,3,2,9,0,1,1
654,VEC_654,42,178,5,4,0,1,3,2,1,1,1,1
655,VEC_655,44,160,4,6,0,0,1,1,5,5,1,1
656,VEC_656,26,156,2,3,1,4,3,1,11,6,1,1
657,VEC_657,38,153,1,3,1,3,0,1,12,0,1,1
658,VEC_658,32,156,2,5,1,1,1,2,6,6,1,1
659,VEC_659,39,183,4,6,1,3,1,0,4,4,1,1
660,VEC_660,27,175,3,5,0,4,0,1,3,3,1,1
661,VEC_661,33,155,5,4,1,2,3,0,1,1,1,1
662,VEC_662,44,153,5,1,0,1,2,0,4,4,1,1
663,VEC_663,36,163,1,3,1,2,0,1,9,0,1,1
664,VEC_664,40,166,3,4,0,1,1,2,6,6,1,1
665,VEC_665,22,178,4,1,0,2,0,1,4,4,1,1
666,VEC_666,33,162,4,4,1,3,1,1,12,0,1,1
667,VEC_667,35,159,3,1,1,0,1,2,5,5,1,1
668,VEC_668,25,168,4,1,0,3,1,2,1,1,1,1
669,VEC_669,42,154,3,1,1,2,1,0,12,0,1,1
670,VEC_670,45,190,5,6,0,2,0,0,7,3,1,1
671,VEC_671,35,184,2,3,1,1,1,0,1,1,1,1
672,VEC_672,27,175,3,3,1,4,2,0,11,6,1,1
673,VEC_673,35,185,4,1,0,1,1,1,3,3,1,1
674,VEC_674,37,177,2,3,0,3,2,2,4,4,1,1
675,VEC_675,31,189,1,1,0,2,0,1,3,3,1,1
676,VEC_676,39,178,2,2,0,1,3,2,8,2,1,1
677,VEC_677,43,165,4,4,1,4,0,1,4,4,1,1
678,VEC_678,42,186,5,3,1,1,0,1,10,0,1,1
679,VEC_679,26,173,2,1,1,1,0,0,10,0,1,1
680,VEC_680,25,189,4,4,0,2,3,1,2,2,1,1
681,VEC_681,44,166,1,6,1,1,3,0,11,6,1,1
682,VEC_682,45,155,4,6,0,1,0,2,5,5,1,1
683,VEC_683,42,164,2,4,0,4,3,2,10,0,1,1
684,VEC_684,29,159,3,2,0,2,0,1,6,6,1,1
685,VEC_685,41,166,1,5,0,2,0,0,5,5,1,1
686,VEC_686,44,170,3,5,0,1,2,0,5,5,1,1
687,VEC_687,35,159,4,6,1,4,0,0,3,3,1,1
688,VEC_688,36,159,3,5,0,2,2,1,10,0,1,1
689,VEC_689,23,170,4,2,0,1,1,2,2,2,1,1
690,VEC_690,37,168,1,1,0,3,3,0,5,5,1,1
691,VEC_691,38,171,2,6,1,3,3,2,3,3,1,1
692,VEC_692,40,170,4,2,1,4,3,0,7,3,1,1
693,VEC_693,38,159,2,6,1,4,3,2,3,3,1,1
694,VEC_694,27,159,2,4,0,4,0,0,8,2,1,1
695,VEC_695,39,158,3,2,1,2,3,0,2,2,1,1
696,VEC_696,37,153,2,1,1,4,0,1,2,2,1,1
697,VEC_697,38,153,2,4,0,4,1,1,1,1,1,1
698,VEC_698,36,152,3,4,0,3,1,0,4,4,1,1
699,VEC_699,39,181,4,2,0,0,3,1,6,6,1,1
700,VEC_700,31,166,5,6,1,1,2,0,2,2,1,1
701,VEC_701,43,163,2,5,0,4,0,2,11,6,1,1
702,VEC_702,44,170,5,3,1,3,2,2,4,4,1,1
703,VEC_703,24,153,1,3,1,3,2,0,1,1,1,1
704,VEC_704,36,161,5,3,0,3,2,2,4,4,1,1
705,VEC_705,35,176,3,6,0,2,0,2,1,1,1,1
706,VEC_706,38,181,3,4,0,1,3,2,3,3,1,1
707,VEC_707,32,179,1,5,0,4,2,0,5,5,1,1
708,VEC_708,40,171,4,1,1,0,1,2,5,5,1,1
709,VEC_709,36,157,4,2,0,0,2,2,4,4,1,1
710,VEC_710,36,159,5,6,0,3,2,1,7,3,1,1
711,VEC_711,35,157,3,3,0,4,0,2,0,0,1,1
712,VEC_712,31,172,5,5,1,4,0,2,10,0,1,1
713,VEC_713,44,190,1,3,0,1,1,0,9,0,1,1
714,VEC_714,23,182,1,3,0,0,2,2,5,5,1,1
715,VEC_715,42,159,2,4,1,4,1,0,1,1,1,1
716,VEC_716,25,158,4,1,0,2,2,0,9,0,1,1
717,VEC_717,23,166,1,2,1,4,1,1,12,0,1,1
718,VEC_718,24,185,4,1,0,3,3,2,5,5,1,1
719,VEC_719,36,163,2,4,0,4,2,1,2,2,1,1
720,VEC_720,28,190,1,4,0,1,1,0,5,5,1,1
721,VEC_721,41,190,4,5,0,0,3,1,1,1,1,1
722,VEC_722,35,171,4,4,1,1,3,2,1,1,1,1
723,VEC_723,29,168,2,3,0,1,3,2,8,2,1,1
724,VEC_724,45,168,5,5,0,1,3,0,7,3,1,1
725,VEC_725,43,167,1,3,0,1,1,2,1,1,1,1
726,VEC_726,27,167,4,3,1,4,0,0,5,5,1,1
727,VEC_727,25,156,1,1,0,3,0,2,5,5,1,1
728,VEC_728,28,159,2,5,1,1,1,0,5,5,1,1
729,VEC_729,28,165,1,2,0,3,1,1,3,3,1,1
730,VEC_730,44,174,4,4,1,0,3,2,1,1,1,1
731,VEC_731,40,174,3,2,0,3,3,0,4,4,1,1
732,VEC_732,33,186,4,4,0,2,2,2,1,1,1,1
733,VEC_733,22,174,5,1,0,2,1,2,6,6,1,1
734,VEC_734,30,160,2,3,0,2,0,2,11,6,1,1
735,VEC_735,29,161,2,5,0,0,3,1,12,0,1,1
736,VEC_736,26,153,4,2,0,3,3,0,1,1,1,1
737,VEC_737,42,175,3,5,1,0,2,2,1,1,1,1
738,VEC_738,40,173,3,1,0,4,2,0,6,6,1,1
739,VEC_739,33,165,4,6,0,4,3,0,4,4,1,1
740,VEC_740,22,172,3,5,0,4,0,0,8,2,1,1
741,VEC_741,25,185,3,1,0,0,1,2,12,0,1,1
742,VEC_742,35,181,3,6,0,0,0,0,7,3,1,1
743,VEC_743,30,150,4,5,0,0,1,1,12,0,1,1
744,VEC_744,42,181,3,4,0,4,3,2,1,1,1,1
745,VEC_745,29,171,3,1,0,4,0,0,1,1,1,1
746,VEC_746,34,186,1,3,1,3,1,0,1,1,1,1
747,VEC_747,36,181,2,5,0,4,2,0,2,2,1,1
748,VEC_748,36,155,2,1,0,3,0,0,11,6,1,1
749,VEC_749,22,189,5,3,0,4,2,0,12,0,1,1
750,VEC_750,43,168,5,3,0,3,2,0,1,1,1,1
751,VEC_751,22,187,1,3,0,4,1,2,12,0,1,1
752,VEC_752,36,152,1,3,1,3,3,1,4,4,1,1
753,VEC_753,45,186,4,3,1,3,3,1,4,4,1,1
754,VEC_754,41,173,4,5,0,1,3,1,7,3,1,1
755,VEC_755,35,187,1,4,0,4,0,0,1,1,1,1
756,VEC_756,41,152,5,2,1,1,2,1,8,2,1,1
757,VEC_757,45,188,5,3,1,0,1,2,0,0,1,1
758,VEC_758,41,165,3,6,1,3,3,2,0,0,1,1
759,VEC_759,24,150,1,5,0,3,0,0,9,0,1,1
760,VEC_760,27,184,2,3,1,0,0,1,11,6,1,1
761,VEC_761,27,189,5,4,1,2,1,0,6,6,1,1
762,VEC_762,41,171,1,5,1,1,2,1,0,0,1,1
763,VEC_763,38,177,3,4,1,2,3,1,11,6,1,1
764,VEC_764,21,168,1,3,1,3,0,1,1,1,1,1
765,VEC_765,45,185,3,1,0,0,3,2,8,2,1,1
766,VEC_766,24,180,5,5,0,4,0,1,12,0,1,1
767,VEC_767,26,182,2,4,0,0,3,2,4,4,1,1
768,VEC_768,39,176,3,6,1,3,0,0,11,6,1,1
769,VEC_769,42,165,1,6,0,3,1,1,7,3,1,1
770,VEC_770,31,163,4,6,0,2,3,0,1,1,1,1
771,VEC_771,29,177,1,6,0,4,2,1,1,1,1,1
772,VEC_772,36,183,4,2,1,1,3,1,7,3,1,1
773,VEC_773,33,164,3,5,0,3,0,2,4,4,1,1
774,VEC_774,28,185,2,1,0,3,2,1,8,2,1,1
775,VEC_775,39,162,4,5,1,0,3,0,8,2,1,1
776,VEC_776,34,185,1,2,1,2,1,0,1,1,1,1
777,VEC_777,24,152,5,4,0,4,0,2,11,6,1,1
778,VEC_778,43,167,3,1,0,2,2,0,10,0,1,1
779,VEC_779,41,186,1,6,0,3,1,1,12,0,1,1
780,VEC_780,44,163,2,4,0,4,1,1,12,0,1,1
781,VEC_781,27,154,3,6,0,4,1,1,7,3,1,1
782,VEC_782,29,188,5,4,1,3,2,0,8,2,1,1
783,VEC_783,38,164,5,1,0,2,0,2,9,0,1,1
784,VEC_784,43,190,5,1,0,0,2,0,6,6,1,1
785,VEC_785,23,170,2,4,0,0,0,2,7,3,1,1
786,VEC_786,37,168,5,6,1,3,0,1,4,4,1,1
787,VEC_787,36,152,1,6,0,2,0,1,8,2,1,1
788,VEC_788,39,157,1,3,0,1,1,0,1,1,1,1
789,VEC_789,40,189,5,2,0,1,0,2,11,6,1,1
790,VEC_790,41,161,2,5,0,3,1,2,8,2,1,1
791,VEC_791,37,186,1,2,1,1,2,1,4,4,1,1
792,VEC_792,33,168,2,4,1,1,3,1,7,3,1,1
793,VEC_793,30,176,1,3,0,0,0,2,1,1,1,1
794,VEC_794,42,190,2,5,1,3,1,0,0,0,1,1
795,VEC_795,44,157,2,4,1,3,1,1,5,5,1,1
796,VEC_796,45,170,5,1,0,0,2,2,10,0,1,1
797,VEC_797,28,174,5,1,0,4,3,0,7,3,1,1
798,VEC_798,37,190,4,5,0,2,3,1,7,3,1,1
799,VEC_799,35,167,3,2,0,2,0,1,9,0,1,1
800,VEC_800,37,156,1,5,1,4,0,1,7,3,1,1
801,VEC_801,44,163,4,5,1,1,3,1,0,0,1,1
802,VEC_802,37,166,1,5,0,2,1,2,5,5,1,1
803,VEC_803,28,173,4,6,1,2,0,0,9,0,1,1
804,VEC_804,29,187,4,6,0,0,2,2,10,0,1,1
805,VEC_805,25,171,2,2,1,2,3,2,4,4,1,1
806,VEC_806,38,180,4,2,0,2,2,1,1,1,1,1
807,VEC_807,42,185,1,2,0,2,3,2,5,5,1,1
808,VEC_808,23,185,2,1,0,1,2,1,1,1,1,1
809,VEC_809,29,162,3,5,1,0,1,2,7,3,1,1
810,VEC_810,22,157,2,5,1,3,0,2,1,1,1,1
811,VEC_811,44,170,4,6,1,3,1,0,4,4,1,1
812,VEC_812,22,178,3,1,1,4,1,1,1,1,1,1
813,VEC_813,37,184,1,2,1,3,1,1,10,0,1,1
814,VEC_814,26,156,4,2,1,2,2,1,9,0,1,1
815,VEC_815,30,166,4,3,1,0,3,1,0,0,1,1
816,VEC_816,33,180,2,2,1,4,2,2,7,3,1,1
817,VEC_817,44,181,2,5,1,0,2,0,11,6,1,1
818,VEC_818,36,187,4,4,1,4,2,1,4,4,1,1
819,VEC_819,23,160,1,4,1,1,3,1,5,5,1,1
820,VEC_820,37,161,1,5,0,1,2,2,4,4,1,1
821,VEC_821,22,188,3,5,0,0,2,2,0,0,1,1
822,VEC_822,45,152,5,4,1,2,3,1,4,4,1,1
823,VEC_823,40,154,4,4,1,4,2,2,7,3,1,1
824,VEC_824,41,184,2,3,0,2,2,1,1,1,1,1
825,VEC_825,21,157,3,2,1,3,3,0,5,5,1,1
826,VEC_826,41,158,5,5,0,1,2,1,4,4,1,1
827,VEC_827,26,171,2,3,1,3,2,1,4,4,1,1
828,VEC_828,37,166,3,3,1,2,3,2,10,0,1,1
829,VEC_829,26,153,1,3,0,0,1,1,1,1,1,1
830,VEC_830,44,161,1,2,0,4,2,2,9,0,1,1
831,VEC_831,26,179,5,6,0,2,2,1,0,0,1,1
832,VEC_832,25,171,4,4,1,2,3,2,1,1,1,1
833,VEC_833,38,190,5,3,1,4,3,2,4,4,1,1
834,VEC_834,22,152,2,6,0,3,1,1,6,6,1,1
835,VEC_835,38,161,5,4,0,1,3,2,4,4,1,1
836,VEC_836,25,150,1,5,1,3,3,1,4,4,1,1
837,VEC_837,40,155,4,2,0,2,1,0,4,4,1,1
838,VEC_838,26,161,5,6,0,1,3,0,4,4,1,1
839,VEC_839,44,156,4,2,1,3,2,2,1,1,1,1
840,VEC_840,26,159,4,3,0,3,2,1,2,2,1,1
841,VEC_841,39,184,4,6,1,1,3,1,4,4,1,1
842,VEC_842,39,181,4,1,1,3,2,2,3,3,1,1
843,VEC_843,27,181,1,6,1,0,1,1,4,4,1,1
844,VEC_844,37,182,3,6,1,1,1,2,5,5,1,1
845,VEC_845,28,174,1,3,0,0,3,0,8,2,1,1
846,VEC_846,23,169,2,1,1,0,1,2,4,4,1,1
847,VEC_847,44,159,2,1,1,2,2,0,9,0,1,1
848,VEC_848,35,158,5,6,0,0,2,1,5,5,1,1
849,VEC_849,35,169,1,3,0,3,3,1,4,4,1,1
850,VEC_850,39,162,1,2,1,4,0,2,6,6,1,1
851,VEC_851,27,177,2,2,0,0,3,0,11,6,1,1
852,VEC_852,36,164,1,4,1,2,1,2,5,5,1,1
853,VEC_853,29,160,3,1,0,2,1,2,8,2,1,1
854,VEC_854,30,189,4,2,1,0,3,0,8,2,1,1
855,VEC_855,45,157,4,5,0,2,1,2,5,5,1,1
856,VEC_856,37,156,5,1,0,1,2,1,5,5,1,1
857,VEC_857,35,164,4,3,0,1,3,0,6,6,1,1
858,VEC_858,35,177,1,5,1,1,2,1,5,5,1,1
859,VEC_859,25,155,4,1,1,0,1,2,1,1,1,1
860,VEC_860,24,153,1,6,0,4,0,1,7,3,1,1
861,VEC_861,40,188,5,4,0,1,2,2,0,0,1,1
862,VEC_862,33,156,5,3,1,1,0,0,10,0,1,1
863,VEC_863,40,178,2,1,1,1,1,2,5,5,1,1
864,VEC_864,41,190,5,5,0,2,1,2,4,4,1,1
865,VEC_865,23,184,4,3,1,0,1,1,4,4,1,1
866,VEC_866,34,180,5,1,0,2,1,0,2,2,1,1
867,VEC_867,38,182,1,3,0,0,2,2,5,5,1,1
868,VEC_868,36,185,5,5,1,4,3,2,1,1,1,1
869,VEC_869,40,176,2,6,1,0,2,2,4,4,1,1
870,VEC_870,24,174,3,5,0,0,1,0,5,5,1,1
871,VEC_871,34,158,1,4,0,3,2,2,5,5,1,1
872,VEC_872,43,176,2,2,0,4,2,0,7,3,1,1
873,VEC_873,36,159,1,2,1,2,2,2,8,2,1,1
874,VEC_874,43,166,1,4,0,0,0,2,7,3,1,1
875,VEC_875,40,161,5,5,0,1,2,2,3,3,1,1
876,VEC_876,31,153,4,3,1,3,1,2,5,5,1,1
877,VEC_877,27,176,3,3,0,3,0,2,11,6,1,1
878,VEC_878,26,153,4,1,0,1,2,0,8,2,1,1
879,VEC_879,39,178,1,4,1,3,1,2,2,2,1,1
880,VEC_880,22,156,1,6,1,0,3,1,4,4,1,1
881,VEC_881,30,175,1,2,1,2,2,1,4,4,1,1
882,VEC_882,45,184,4,5,1,0,2,2,12,0,1,1
883,VEC_883,29,160,2,5,1,3,0,1,11,6,1,1
884,VEC_884,35,185,3,2,1,1,3,1,7,3,1,1
885,VEC_885,30,179,2,2,1,3,0,1,4,4,1,1
886,VEC_886,41,160,1,4,0,3,2,1,4,4,1,1
887,VEC_887,22,174,2,3,1,0,1,2,4,4,1,1
888,VEC_888,37,154,3,3,1,1,3,2,5,5,1,1
889,VEC_889,21,170,5,5,0,2,1,0,1,1,1,1
890,VEC_890,39,158,2,1,1,4,1,0,8,2,1,1
891,VEC_891,26,183,5,4,0,2,1,2,5,5,1,1
892,VEC_892,24,152,1,6,0,3,1,1,6,6,1,1
893,VEC_893,24,150,3,1,1,3,3,1,4,4,1,1
894,VEC_894,30,176,1,4,0,2,0,1,11,6,1,1
895,VEC_895,43,152,1,1,0,4,2,1,2,2,1,1
896,VEC_896,40,187,2,4,1,2,0,2,10,0,1,1
897,VEC_897,40,179,5,6,1,3,2,2,11,6,1,1
898,VEC_898,35,154,1,2,1,2,1,1,11,6,1,1
899,VEC_899,25,154,4,4,0,1,3,0,3,3,1,1
900,VEC_900,40,187,5,4,0,1,1,1,2,2,1,1
901,VEC_901,32,181,2,2,1,0,1,2,4,4,1,1
902,VEC_902,22,179,2,5,1,1,2,2,1,1,1,1
903,VEC_903,43,178,3,1,0,4,0,2,4,4,1,1
904,VEC_904,35,156,1,6,0,3,2,2,5,5,1,1
905,VEC_905,39,170,1,5,0,4,3,2,3,3,1,1
906,VEC_906,34,172,1,5,1,1,2,0,5,5,1,1
907,VEC_907,25,172,2,1,1,0,2,2,2,2,1,1
908,VEC_908,33,167,5,2,0,4,2,2,1,1,1,1
909,VEC_909,38,153,1,4,1,4,2,2,1,1,1,1
910,VEC_910,40,152,3,6,0,2,0,2,4,4,1,1
911,VEC_911,25,171,2,2,0,4,0,2,5,5,1,1
912,VEC_912,26,178,1,1,0,2,0,0,4,4,1,1
913,VEC_913,22,178,2,4,1,2,2,1,4,4,1,1
914,VEC_914,42,189,3,2,0,3,0,0,1,1,1,1
915,VEC_915,40,189,5,3,0,1,1,2,11,6,1,1
916,VEC_916,33,186,4,3,0,2,2,0,4,4,1,1
917,VEC_917,28,151,3,1,1,4,2,0,8,2,1,1
918,VEC_918,30,156,5,6,0,3,0,1,1,1,1,1
919,VEC_919,42,152,2,1,0,0,2,0,4,4,1,1
920,VEC_920,35,171,2,1,0,0,2,2,8,2,1,1
921,VEC_921,43,159,4,4,0,0,1,0,7,3,1,1
922,VEC_922,34,160,1,5,0,3,0,2,6,6,1,1
923,VEC_923,31,185,2,6,1,1,2,0,11,6,1,1
924,VEC_924,40,159,1,6,0,3,3,0,5,5,1,1
925,VEC_925,41,164,3,4,1,2,3,0,5,5,1,1
926,VEC_926,42,158,1,3,0,3,0,1,4,4,1,1
927,VEC_927,43,162,4,3,0,2,2,1,11,6,1,1
928,VEC_928,40,184,4,6,1,2,1,1,5,5,1,1
929,VEC_929,29,165,2,5,0,2,2,1,7,3,1,1
930,VEC_930,33,179,5,5,1,3,2,1,3,3,1,1
931,VEC_931,33,162,3,1,0,3,1,0,1,1,1,1
932,VEC_932,25,166,3,3,0,3,3,2,0,0,1,1
933,VEC_933,43,155,5,3,0,4,3,1,4,4,1,1
934,VEC_934,29,162,5,4,0,2,0,0,6,6,1,1
935,VEC_935,35,175,4,3,1,1,1,1,1,1,1,1
936,VEC_936,26,171,5,3,1,0,0,0,6,6,1,1
937,VEC_937,35,161,3,6,1,4,3,1,1,1,1,1
938,VEC_938,34,157,4,2,0,3,0,2,6,6,1,1
939,VEC_939,32,185,3,6,0,1,3,1,12,0,1,1
940,VEC_940,41,160,2,2,0,0,2,2,1,1,1,1
941,VEC_941,21,157,5,1,0,2,3,0,11,6,1,1
942,VEC_942,23,169,5,3,0,3,0,1,4,4,1,1
943,VEC_943,40,172,1,5,0,0,2,2,11,6,1,1
944,VEC_944,41,178,3,4,0,3,1,0,6,6,1,1
945,VEC_945,23,153,4,1,0,0,1,2,1,1,1,1
946,VEC_946,41,185,4,6,1,0,1,1,0,0,1,1
947,VEC_947,43,159,3,2,0,2,0,0,6,6,1,1
948,VEC_948,41,153,1,5,1,4,1,2,11,6,1,1
949,VEC_949,45,157,2,4,1,3,0,1,11,6,1,1
950,VEC_950,31,167,1,2,1,1,3,2,1,1,1,1
951,VEC_951,39,155,4,5,1,0,1,0,2,2,1,1
952,VEC_952,42,150,1,2,0,4,0,2,1,1,1,1
953,VEC_953,39,183,2,1,1,3,2,0,1,1,1,1
954,VEC_954,32,165,5,1,1,0,3,1,4,4,1,1
955,VEC_955,39,154,5,6,0,4,2,0,6,6,1,1
956,VEC_956,38,177,3,1,1,0,2,0,8,2,1,1
957,VEC_957,32,170,4,3,0,3,0,2,1,1,1,1
958,VEC_958,28,170,2,3,1,0,2,1,11,6,1,1
959,VEC_959,31,189,3,3,1,0,3,0,6,6,1,1
960,VEC_960,30,189,3,3,1,0,1,1,7,3,1,1
961,VEC_961,22,187,5,6,0,3,2,1,6,6,1,1
962,VEC_962,24,180,2,3,0,1,3,0,9,0,1,1
963,VEC_963,29,186,2,5,0,2,1,2,0,0,1,1
964,VEC_964,32,183,4,1,1,3,3,0,8,2,1,1
965,VEC_965,43,170,5,3,1,2,0,2,11,6,1,1
966,VEC_966,35,168,2,6,0,3,0,0,11,6,1,1
967,VEC_967,33,187,1,4,0,2,2,0,5,5,1,1
968,VEC_968,26,185,3,6,1,4,3,0,9,0,1,1
969,VEC_969,31,175,2,2,0,3,0,1,9,0,1,1
970,VEC_970,25,180,2,3,0,1,1,1,1,1,1,1
971,VEC_971,21,163,4,1,1,2,1,0,6,6,1,1
972,VEC_972,35,176,4,3,0,4,0,2,2,2,1,1
973,VEC_973,25,180,3,5,0,0,0,1,5,5,1,1
974,VEC_974,28,190,1,1,0,2,1,1,11,6,1,1
975,VEC_975,35,153,5,5,0,3,1,1,4,4,1,1
976,VEC_976,25,181,2,2,0,3,1,0,6,6,1,1
977,VEC_977,39,174,3,3,1,0,1,0,4,4,1,1
978,VEC_978,21,160,3,2,0,4,3,2,8,2,1,1
979,VEC_979,29,161,5,2,1,1,1,0,1,1,1,1
980,VEC_980,39,160,2,1,0,2,0,0,4,4,1,1
981,VEC_981,26,189,1,3,0,3,0,0,4,4,1,1
982,VEC_982,39,184,1,2,0,2,0,1,0,0,1,1
983,VEC_983,33,169,5,1,1,2,3,2,5,5,1,1
984,VEC_984,28,170,3,6,1,4,3,2,1,1,1,1
985,VEC_985,26,154,2,5,1,1,0,0,7,3,1,1
986,VEC_986,39,189,5,6,0,0,0,1,3,3,1,1
987,VEC_987,22,150,4,2,0,0,3,2,4,4,1,1
988,VEC_988,34,189,4,5,0,0,0,0,2,2,1,1
989,VEC_989,27,180,5,4,1,0,3,1,4,4,1,1
990,VEC_990,42,182,5,5,0,3,1,2,6,6,1,1
991,VEC_991,36,174,1,6,0,4,3,1,1,1,1,1
992,VEC_992,32,187,4,2,0,3,3,2,1,1,1,1
993,VEC_993,25,170,2,5,1,0,1,0,5,5,1,1
994,VEC_994,25,189,5,4,1,1,0,2,8,2,1,1
995,VEC_995,33,167,4,2,1,0,3,0,4,4,1,1
996,VEC_996,31,150,2,1,0,0,2,0,8,2,1,1
997,VEC_997,29,184,5,5,0,2,1,2,9,0,1,1
998,VEC_998,29,156,3,1,0,3,0,0,5,5,1,1
999,VEC_999,21,172,4,5,1,0,3,1,4,4,1,1
1000,VEC_1000,41,152,1,1,1,3,2,2,11,6,1,1
